name,address,url
麻布茶房 さっぽろ東急店,北海道札幌市中央区北4条西2-1さっぽろ東急百貨店10F,https://tabelog.com/hokkaido/A0101/A010101/1054175/
name,address,url
亜細亜的惣菜店 マンハッタン,北海道札幌市中央区北5条西2エスタB1F,https://tabelog.com/hokkaido/A0101/A010101/1052954/
name,address,url
hache,北海道札幌市中央区北二条西2-23クロスホテル札幌3F,https://tabelog.com/hokkaido/A0101/A010101/1052785/
name,address,url
アテニヨル,北海道札幌市北区北6条西2PASEOWEST1F,https://tabelog.com/hokkaido/A0101/A010101/1051924/
name,address,url
AKARENGA-CAFE,北海道札幌市中央区北3条西6北海道庁塔屋,https://tabelog.com/hokkaido/A0101/A010101/1051670/
name,address,url
アパホテル TKP札幌駅前,北海道札幌市中央区北2条西2-19,https://tabelog.com/hokkaido/A0101/A010101/1047233/
name,address,url
秋川水産 大丸札幌店,北海道札幌市中央区北5条西4-7大丸札幌店B1F,https://tabelog.com/hokkaido/A0101/A010101/1043903/
name,address,url
ありんこ JR札幌店,北海道札幌市北区北6条西3JR札幌駅東改札横サツエキイート,https://tabelog.com/hokkaido/A0101/A010101/1043061/
name,address,url
味菜 東急札幌店,北海道札幌市中央区北4条西2東急百貨店札幌店B1F,https://tabelog.com/hokkaido/A0101/A010101/1042206/
name,address,url
味の浜藤 さっぽろ東急店,北海道札幌市中央区北四条西2東急百貨店さっぽろ店B1F,https://tabelog.com/hokkaido/A0101/A010101/1042125/
name,address,url
あまとう 札幌駅北口店,北海道札幌市北区北6条西4札幌駅北口,https://tabelog.com/hokkaido/A0101/A010101/1041140/
name,address,url
杏 札幌駅前店,北海道札幌市中央区北4条西2-1-25札幌TRビル6F,https://tabelog.com/hokkaido/A0101/A010101/1040290/
name,address,url
あいよ 北6条店,北海道札幌市北区北6条西6-2-3アストリアN62F,https://tabelog.com/hokkaido/A0101/A010101/1038204/
name,address,url
あいよ 北6条店,北海道札幌市北区北6条西6丁目2-3アストリアN62F,https://tabelog.com/hokkaido/A0101/A010101/1037670/
name,address,url
アロマカフェ 札幌パセオ店,北海道札幌市北区北六条西二丁目パセオイースト1F,https://tabelog.com/hokkaido/A0101/A010101/1037522/
name,address,url
麻布かりんと 大丸札幌店,北海道札幌市中央区北五条西4丁目7大丸札幌店B1F,https://tabelog.com/hokkaido/A0101/A010101/1037205/
name,address,url
アイ・カフェ 札幌センチュリーロイヤルホテル店,北海道札幌市中央区北五条西5-2-12センチュリーロイヤルホテル1F,https://tabelog.com/hokkaido/A0101/A010101/1037067/
name,address,url
アイダイニング 大丸札幌店,北海道札幌市中央区北五条西4丁目7大丸札幌店B1F,https://tabelog.com/hokkaido/A0101/A010101/1035432/
name,address,url
アゴヒゲ,北海道札幌北区北8条西4丁目16-6志村ビル1F,https://tabelog.com/hokkaido/A0101/A010101/1035337/
name,address,url
あおやま旅館,北海道札幌市中央区北4条東4丁目,https://tabelog.com/hokkaido/A0101/A010101/1031958/
name,address,url
赤クマ食堂,北海道札幌市中央区北五条西4丁目7大丸札幌店8F,https://tabelog.com/hokkaido/A0101/A010101/1026390/
name,address,url
炙屋 札幌駅南口店,北海道札幌市中央区北四条西2丁目札幌TRビル10F,https://tabelog.com/hokkaido/A0101/A010101/1026141/
name,address,url
あさひ川 井泉 札幌店,北海道札幌市中央区北3条西4-1-1日本生命札幌ビル　B1,https://tabelog.com/hokkaido/A0101/A010101/1025848/
name,address,url
あじさい 札幌エスタ店,北海道札幌市中央区北五条西2丁目エスタ10F（札幌ら～めん共和国）,https://tabelog.com/hokkaido/A0101/A010101/1025592/
name,address,url
味処 北国屋,北海道札幌市中央区北二条西3-1-11プラザ北2条ビル2F,https://tabelog.com/hokkaido/A0101/A010101/1018508/
name,address,url
味処 愛路,北海道札幌市中央区北二条西3-1敷島ビル　Ｂ１Ｆ,https://tabelog.com/hokkaido/A0101/A010101/1016570/
name,address,url
味処　陣羽織,北海道札幌市中央区北五条西5住友生命ビル　B1F,https://tabelog.com/hokkaido/A0101/A010101/1015918/
name,address,url
IRISH PUB O'Neill's,北海道札幌市北区北六条西4-3-1パセオ1F,https://tabelog.com/hokkaido/A0101/A010101/1008032/
name,address,url
アフタヌーンティー・ティールーム 札幌大丸店,北海道札幌市中央区北五条西4丁目7大丸札幌店3F,https://tabelog.com/hokkaido/A0101/A010101/1005969/
name,address,url
アントステラ アピア店,北海道札幌市中央区北5条西4丁目アピア内,https://tabelog.com/hokkaido/A0101/A010101/1004448/
name,address,url
味処 あずま,北海道札幌市中央区北四条西4国際ビル　Ｂ１Ｆ,https://tabelog.com/hokkaido/A0101/A010101/1004335/
name,address,url
あきず,北海道札幌市中央区北5条西7-2-1京王プラザホテル札幌　Ｂ１Ｆ,https://tabelog.com/hokkaido/A0101/A010101/1002925/
name,address,url
アンブローシア,北海道札幌市中央区北五条西7-2-1京王プラザホテル札幌22F,https://tabelog.com/hokkaido/A0101/A010101/1002993/
name,address,url
阿闍梨餅本舗 満月 札幌大丸店,北海道札幌市中央区北五条西4丁目7大丸札幌店B1F,https://tabelog.com/hokkaido/A0101/A010101/1001487/
name,address,url
味の時計台 北２条店,北海道札幌市中央区北二条西2-6ホテルニューオータニ向かい,https://tabelog.com/hokkaido/A0101/A010101/1000370/
name,address,url
味の時計台 JR札幌店,北海道札幌市北区北6条西4JR札幌駅北口西側出入口横,https://tabelog.com/hokkaido/A0101/A010101/1000393/
name,address,url
味百仙,北海道札幌市北区北七条西4宮澤興業ビル　Ｂ１Ｆ,https://tabelog.com/hokkaido/A0101/A010101/1000037/
name,address,url
一笑懸命 札幌駅前店,北海道札幌市中央区北2条西3-1-18第25桂和ビル5Ｆ・6Ｆ,https://tabelog.com/hokkaido/A0101/A010101/1054091/
name,address,url
一笑懸命,北海道札幌市中央区北2条西3-1-18第25桂和ビル5F・6F,https://tabelog.com/hokkaido/A0101/A010101/1054006/
name,address,url
居酒屋 縁 札幌駅前店,北海道札幌市中央区北2条西3-1-18第25桂和ビル5F・6F,https://tabelog.com/hokkaido/A0101/A010101/1053845/
name,address,url
いせのじょう 高架下店,北海道札幌市北区北6条西6WEST61F,https://tabelog.com/hokkaido/A0101/A010101/1051052/
name,address,url
175°DENO〜担担麺〜 札幌北口店,北海道札幌市北区北7条西4丁目1-1東カン札幌ビル1F（サンクス左側ビル入口から奥左側）,https://tabelog.com/hokkaido/A0101/A010101/1050775/
name,address,url
一○八抹茶茶廊,北海道札幌市中央区北5条西2-1札幌エスタB1F,https://tabelog.com/hokkaido/A0101/A010101/1049263/
name,address,url
岩見沢精肉卸直営 牛乃家 北口店,北海道札幌市北区北7条西2-9ベルヴュオフィス札幌B1F,https://tabelog.com/hokkaido/A0101/A010101/1048035/
name,address,url
179,北海道札幌市中央区北4条西6ホテルポールスター札幌,https://tabelog.com/hokkaido/A0101/A010101/1046819/
name,address,url
井上商店 大丸札幌店,北海道札幌市中央区北5条西4-7大丸札幌店B1F,https://tabelog.com/hokkaido/A0101/A010101/1044060/
name,address,url
イシヤカフェ,北海道札幌市大通西4-6-1札幌大通西4ビルB2F,https://tabelog.com/hokkaido/A0101/A010101/1042391/
name,address,url
池田食品 東急札幌店,北海道札幌市中央区北4条西2東急百貨店札幌店B1F,https://tabelog.com/hokkaido/A0101/A010101/1042165/
name,address,url
イシヤ 東急さっぽろ店,北海道札幌市中央区北四条西2丁目東急百貨店さっぽろ店B1F,https://tabelog.com/hokkaido/A0101/A010101/1040852/
name,address,url
いなほくらぶ エスタ札幌店,北海道札幌市中央区北5条西2-1エスタB1F,https://tabelog.com/hokkaido/A0101/A010101/1036099/
name,address,url
いろはにほへと 札幌駅前店,北海道札幌市北区北六条西5-1-1,https://tabelog.com/hokkaido/A0101/A010101/1033181/
name,address,url
居酒屋 なみすけ 北3条店,北海道札幌市中央区北3条西7緑苑ビル　B1F,https://tabelog.com/hokkaido/A0101/A010101/1029802/
name,address,url
イタリアンダイニング グラッツェ ＪＲ５５店,北海道札幌市中央区北5条西5丁目JR55SAPPORO６F,https://tabelog.com/hokkaido/A0101/A010101/1029757/
name,address,url
いえもん,北海道札幌市中央区北3条西7丁目1-1緑苑ビルB1F,https://tabelog.com/hokkaido/A0101/A010101/1029501/
name,address,url
居酒屋 にほんいち 別宴邸,北海道札幌市北区北8西4ホテルフィーノ札幌1F,https://tabelog.com/hokkaido/A0101/A010101/1029403/
name,address,url
伊藤ハム アイ・ダイニング,北海道札幌市中央区北五条西2丁目エスタB1F,https://tabelog.com/hokkaido/A0101/A010101/1029250/
name,address,url
居酒屋 エスパニョール,北海道札幌市中央区北3条西2丁目1-27アストリア札幌ビル5F,https://tabelog.com/hokkaido/A0101/A010101/1024117/
name,address,url
麻布茶房 さっぽろ東急店,北海道札幌市中央区北4条西2-1さっぽろ東急百貨店10F,https://tabelog.com/hokkaido/A0101/A010101/1054175/
name,address,url
亜細亜的惣菜店 マンハッタン,北海道札幌市中央区北5条西2エスタB1F,https://tabelog.com/hokkaido/A0101/A010101/1052954/
name,address,url
hache,北海道札幌市中央区北二条西2-23クロスホテル札幌3F,https://tabelog.com/hokkaido/A0101/A010101/1052785/
name,address,url
アテニヨル,北海道札幌市北区北6条西2PASEOWEST1F,https://tabelog.com/hokkaido/A0101/A010101/1051924/
name,address,url
AKARENGA-CAFE,北海道札幌市中央区北3条西6北海道庁塔屋,https://tabelog.com/hokkaido/A0101/A010101/1051670/
name,address,url
アパホテル TKP札幌駅前,北海道札幌市中央区北2条西2-19,https://tabelog.com/hokkaido/A0101/A010101/1047233/
name,address,url
秋川水産 大丸札幌店,北海道札幌市中央区北5条西4-7大丸札幌店B1F,https://tabelog.com/hokkaido/A0101/A010101/1043903/
name,address,url
ありんこ JR札幌店,北海道札幌市北区北6条西3JR札幌駅東改札横サツエキイート,https://tabelog.com/hokkaido/A0101/A010101/1043061/
name,address,url
味菜 東急札幌店,北海道札幌市中央区北4条西2東急百貨店札幌店B1F,https://tabelog.com/hokkaido/A0101/A010101/1042206/
name,address,url
味の浜藤 さっぽろ東急店,北海道札幌市中央区北四条西2東急百貨店さっぽろ店B1F,https://tabelog.com/hokkaido/A0101/A010101/1042125/
name,address,url
あまとう 札幌駅北口店,北海道札幌市北区北6条西4札幌駅北口,https://tabelog.com/hokkaido/A0101/A010101/1041140/
name,address,url
杏 札幌駅前店,北海道札幌市中央区北4条西2-1-25札幌TRビル6F,https://tabelog.com/hokkaido/A0101/A010101/1040290/
name,address,url
あいよ 北6条店,北海道札幌市北区北6条西6-2-3アストリアN62F,https://tabelog.com/hokkaido/A0101/A010101/1038204/
name,address,url
あいよ 北6条店,北海道札幌市北区北6条西6丁目2-3アストリアN62F,https://tabelog.com/hokkaido/A0101/A010101/1037670/
name,address,url
アロマカフェ 札幌パセオ店,北海道札幌市北区北六条西二丁目パセオイースト1F,https://tabelog.com/hokkaido/A0101/A010101/1037522/
name,address,url
麻布かりんと 大丸札幌店,北海道札幌市中央区北五条西4丁目7大丸札幌店B1F,https://tabelog.com/hokkaido/A0101/A010101/1037205/
name,address,url
アイ・カフェ 札幌センチュリーロイヤルホテル店,北海道札幌市中央区北五条西5-2-12センチュリーロイヤルホテル1F,https://tabelog.com/hokkaido/A0101/A010101/1037067/
name,address,url
アイダイニング 大丸札幌店,北海道札幌市中央区北五条西4丁目7大丸札幌店B1F,https://tabelog.com/hokkaido/A0101/A010101/1035432/
name,address,url
アゴヒゲ,北海道札幌北区北8条西4丁目16-6志村ビル1F,https://tabelog.com/hokkaido/A0101/A010101/1035337/
name,address,url
あおやま旅館,北海道札幌市中央区北4条東4丁目,https://tabelog.com/hokkaido/A0101/A010101/1031958/
name,address,url
赤クマ食堂,北海道札幌市中央区北五条西4丁目7大丸札幌店8F,https://tabelog.com/hokkaido/A0101/A010101/1026390/
name,address,url
炙屋 札幌駅南口店,北海道札幌市中央区北四条西2丁目札幌TRビル10F,https://tabelog.com/hokkaido/A0101/A010101/1026141/
name,address,url
あさひ川 井泉 札幌店,北海道札幌市中央区北3条西4-1-1日本生命札幌ビル　B1,https://tabelog.com/hokkaido/A0101/A010101/1025848/
name,address,url
あじさい 札幌エスタ店,北海道札幌市中央区北五条西2丁目エスタ10F（札幌ら～めん共和国）,https://tabelog.com/hokkaido/A0101/A010101/1025592/
name,address,url
味処 北国屋,北海道札幌市中央区北二条西3-1-11プラザ北2条ビル2F,https://tabelog.com/hokkaido/A0101/A010101/1018508/
name,address,url
味処 愛路,北海道札幌市中央区北二条西3-1敷島ビル　Ｂ１Ｆ,https://tabelog.com/hokkaido/A0101/A010101/1016570/
name,address,url
味処　陣羽織,北海道札幌市中央区北五条西5住友生命ビル　B1F,https://tabelog.com/hokkaido/A0101/A010101/1015918/
name,address,url
IRISH PUB O'Neill's,北海道札幌市北区北六条西4-3-1パセオ1F,https://tabelog.com/hokkaido/A0101/A010101/1008032/
name,address,url
アフタヌーンティー・ティールーム 札幌大丸店,北海道札幌市中央区北五条西4丁目7大丸札幌店3F,https://tabelog.com/hokkaido/A0101/A010101/1005969/
name,address,url
アントステラ アピア店,北海道札幌市中央区北5条西4丁目アピア内,https://tabelog.com/hokkaido/A0101/A010101/1004448/
name,address,url
味処 あずま,北海道札幌市中央区北四条西4国際ビル　Ｂ１Ｆ,https://tabelog.com/hokkaido/A0101/A010101/1004335/
name,address,url
アジアンダイニング グラス,東京都中央区銀座西2-2銀座INZ22F,https://tabelog.com/tokyo/A1301/A130101/13204623/
name,address,url
赤から 有楽町店,東京都中央区銀座西2-2銀座インズ22Ｆ,https://tabelog.com/tokyo/A1301/A130101/13203273/
name,address,url
アクアリウムダイニング 碧 銀座並木通り店,東京都中央区銀座3-3-14グランディアビル2　5F,https://tabelog.com/tokyo/A1301/A130101/13202584/
name,address,url
あかどら1000,東京都中央区銀座6-8-172F,https://tabelog.com/tokyo/A1301/A130101/13201949/
name,address,url
悪魔のバル「Diablo」,東京都中央区銀座6-4-16花椿ビル1F・2F,https://tabelog.com/tokyo/A1301/A130101/13201444/
name,address,url
浅草田甫 草津亭 三越銀座店,東京都中央区銀座4-6-16銀座三越B2F,https://tabelog.com/tokyo/A1301/A130101/13200896/
name,address,url
アンリ・シャルパンティエ 銀座松屋店,東京都中央区銀座3-6-1松屋銀座店B1F,https://tabelog.com/tokyo/A1301/A130101/13200224/
name,address,url
アンテプリマ カーサ･クチーナ,東京都中央区銀座5-5-12B1F,https://tabelog.com/tokyo/A1301/A130101/13198877/
name,address,url
アジル,東京都中央区銀座5-4-6ロイヤルクリスタル銀座7F,https://tabelog.com/tokyo/A1301/A130101/13198508/
name,address,url
aLica,東京都中央区銀座7-8-13ブラウンプレイス10F,https://tabelog.com/tokyo/A1301/A130101/13198360/
アジアンダイニング グラス,東京都中央区銀座西2-2銀座INZ22F,https://tabelog.com/tokyo/A1301/A130101/13204623/
厚岸漁業部祐一郎商店sitattesapporo店,北海道札幌市中央区北2条西3丁目札幌フコク生命越山ビル（sitattesapporo）,https://tabelog.com/hokkaido/A0101/A010101/1054993/
厚岸漁業部祐一郎商店sitattesapporo店,北海道札幌市中央区北2条西3丁目札幌フコク生命越山ビル（sitattesapporo）,https://tabelog.com/hokkaido/A0101/A010101/1054993/
厚岸漁業部祐一郎商店sitattesapporo店,北海道札幌市中央区北2条西3丁目札幌フコク生命越山ビル（sitattesapporo）,https://tabelog.com/hokkaido/A0101/A010101/1054993/
厚岸漁業部祐一郎商店sitattesapporo店,北海道札幌市中央区北2条西3丁目札幌フコク生命越山ビル（sitattesapporo）,https://tabelog.com/hokkaido/A0101/A010101/1054993/
麻布茶房 さっぽろ東急店,北海道札幌市中央区北4条西2-1さっぽろ東急百貨店10F,https://tabelog.com/hokkaido/A0101/A010101/1054175/
亜細亜的惣菜店 マンハッタン,北海道札幌市中央区北5条西2エスタB1F,https://tabelog.com/hokkaido/A0101/A010101/1052954/
厚岸漁業部祐一郎商店sitattesapporo店,北海道札幌市中央区北2条西3丁目札幌フコク生命越山ビル（sitattesapporo）,https://tabelog.com/hokkaido/A0101/A010101/1054993/
麻布茶房 さっぽろ東急店,北海道札幌市中央区北4条西2-1さっぽろ東急百貨店10F,https://tabelog.com/hokkaido/A0101/A010101/1054175/
亜細亜的惣菜店 マンハッタン,北海道札幌市中央区北5条西2エスタB1F,https://tabelog.com/hokkaido/A0101/A010101/1052954/
hache,北海道札幌市中央区北二条西2-23クロスホテル札幌3F,https://tabelog.com/hokkaido/A0101/A010101/1052785/
アテニヨル,北海道札幌市北区北6条西2PASEOWEST1F,https://tabelog.com/hokkaido/A0101/A010101/1051924/
AKARENGA-CAFE,北海道札幌市中央区北3条西6北海道庁塔屋,https://tabelog.com/hokkaido/A0101/A010101/1051670/
厚岸漁業部祐一郎商店sitattesapporo店,北海道札幌市中央区北2条西3丁目札幌フコク生命越山ビル（sitattesapporo）,https://tabelog.com/hokkaido/A0101/A010101/1054993/
麻布茶房 さっぽろ東急店,北海道札幌市中央区北4条西2-1さっぽろ東急百貨店10F,https://tabelog.com/hokkaido/A0101/A010101/1054175/
亜細亜的惣菜店 マンハッタン,北海道札幌市中央区北5条西2エスタB1F,https://tabelog.com/hokkaido/A0101/A010101/1052954/
hache,北海道札幌市中央区北二条西2-23クロスホテル札幌3F,https://tabelog.com/hokkaido/A0101/A010101/1052785/
アテニヨル,北海道札幌市北区北6条西2PASEOWEST1F,https://tabelog.com/hokkaido/A0101/A010101/1051924/
AKARENGA-CAFE,北海道札幌市中央区北3条西6北海道庁塔屋,https://tabelog.com/hokkaido/A0101/A010101/1051670/
アパホテル TKP札幌駅前,北海道札幌市中央区北2条西2-19,https://tabelog.com/hokkaido/A0101/A010101/1047233/
秋川水産 大丸札幌店,北海道札幌市中央区北5条西4-7大丸札幌店B1F,https://tabelog.com/hokkaido/A0101/A010101/1043903/
ありんこ JR札幌店,北海道札幌市北区北6条西3JR札幌駅東改札横サツエキイート,https://tabelog.com/hokkaido/A0101/A010101/1043061/
味菜 東急札幌店,北海道札幌市中央区北4条西2東急百貨店札幌店B1F,https://tabelog.com/hokkaido/A0101/A010101/1042206/
味の浜藤 さっぽろ東急店,北海道札幌市中央区北四条西2東急百貨店さっぽろ店B1F,https://tabelog.com/hokkaido/A0101/A010101/1042125/
あまとう 札幌駅北口店,北海道札幌市北区北6条西4札幌駅北口,https://tabelog.com/hokkaido/A0101/A010101/1041140/
杏 札幌駅前店,北海道札幌市中央区北4条西2-1-25札幌TRビル6F,https://tabelog.com/hokkaido/A0101/A010101/1040290/
あいよ 北6条店,北海道札幌市北区北6条西6-2-3アストリアN62F,https://tabelog.com/hokkaido/A0101/A010101/1038204/
あいよ 北6条店,北海道札幌市北区北6条西6丁目2-3アストリアN62F,https://tabelog.com/hokkaido/A0101/A010101/1037670/
アロマカフェ 札幌パセオ店,北海道札幌市北区北六条西二丁目パセオイースト1F,https://tabelog.com/hokkaido/A0101/A010101/1037522/
麻布かりんと 大丸札幌店,北海道札幌市中央区北五条西4丁目7大丸札幌店B1F,https://tabelog.com/hokkaido/A0101/A010101/1037205/
